Название,Цена,Ссылка
Диван Льери Мини Velvet Light,64990руб. руб.,https://www.divan.ru/smolensk/product/divan-leri-mini-velvet-light
Диван Нумо Velvet Yellow,36990руб. руб.,https://www.divan.ru/smolensk/product/divan-numo-velvet-yellow
Диван Тут Рядом Дом Серо-графитовый,72990руб. руб.,https://www.divan.ru/smolensk/product/divan-tut-ryadom-dom-sero-grafitovyj
Диван угловой Эби-1 Velvet Coral,72990руб. руб.,https://www.divan.ru/smolensk/product/divan-uglovoj-ebi-1-velvet-coral
Диван Бонент Velvet Eclipse,74990руб. руб.,https://www.divan.ru/smolensk/product/divan-bonent-velvet-eclipse
Диван Нумо Мини Textile Yellow,24990руб. руб.,https://www.divan.ru/smolensk/product/divan-numo-mini-textile-yellow
Диван Тут Рядом Космос Светло-Бежевый,109990руб. руб.,https://www.divan.ru/smolensk/product/divan-tut-ryadom-kosmos-svetlo-bejevyj
Диван Линс Velvet Navy Blue,32990руб. руб.,https://www.divan.ru/smolensk/product/divan-lins-velvet-navy-blue
Кресло Тут Рядом Дом Сине-бежевый,50990руб. руб.,https://www.divan.ru/smolensk/product/kreslo-tut-ryadom-dom-sine-bejevyj
Диван угловой Эдвин Velvet Smoke,72990руб. руб.,https://www.divan.ru/smolensk/product/divan-uglovoj-edvin-velvet-smoke
Диван Бруквиль Velvet Blue,49990руб. руб.,https://www.divan.ru/smolensk/product/divan-brukvil-velvet-blue
Диван Байма Velvet Grey,69990руб. руб.,https://www.divan.ru/smolensk/product/divan-bajma-velvet-grey
Диван Спейс Velvet Beige,62990руб. руб.,https://www.divan.ru/smolensk/product/divan-spejs-velvet-beige
Диван угловой Беллер Textile Yellow,40990руб. руб.,https://www.divan.ru/smolensk/product/divan-uglovoj-beller-textile-yellow
Кресло Бенел Cozy Ivory,33990руб. руб.,https://www.divan.ru/smolensk/product/kreslo-benel-cozy-ivory
Диван Нумо Velvet Grafit,36990руб. руб.,https://www.divan.ru/smolensk/product/divan-numo-velvet-grafit
Кресло-кровать Маре Мини Velvet Grafit,21990руб. руб.,https://www.divan.ru/smolensk/product/kreslo-krovat-mare-mini-velvet-grafit
Диван Клаймар Velvet Beige,56990руб. руб.,https://www.divan.ru/smolensk/product/divan-klajmar-velvet-beige
Пуф Тут Рядом Дом Серо-графитовый,15990руб. руб.,https://www.divan.ru/smolensk/product/puf-tut-ryadom-dom-sero-grafitovyj
Диван Марей Soft Grey,89990руб. руб.,https://www.divan.ru/smolensk/product/divan-marej-soft-grey
Диван Сваут Velvet Grey,64990руб. руб.,https://www.divan.ru/smolensk/product/divan-svaut-velvet-grey
Кресло Бенел Cozy Beige,33990руб. руб.,https://www.divan.ru/smolensk/product/kreslo-benel-cozy-beige
Диван Линс Velvet Grafit,32990руб. руб.,https://www.divan.ru/smolensk/product/divan-lins-velvet-grafit
Диван угловой Аронт Мини Velvet Pink,56990руб. руб.,https://www.divan.ru/smolensk/product/divan-uglovoj-aront-mini-velvet-pink
Диван Рейли Velvet Coral,36990руб. руб.,https://www.divan.ru/smolensk/product/divan-rejli-velvet-coral
Диван угловой Вайвел Barhat Forest,89990руб. руб.,https://www.divan.ru/smolensk/product/divan-uglovoj-vajvel-barhat-forest
Диван Бруквиль Velvet Smoke,49990руб. руб.,https://www.divan.ru/smolensk/product/divan-brukvil-velvet-smoke
Пуф Тут Рядом Красавчик Светло-бежевый,34990руб. руб.,https://www.divan.ru/smolensk/product/puf-tut-ryadom-krasavchik-svetlo-bejevyj
Диван Коренс Happy Grey,29990руб. руб.,https://www.divan.ru/smolensk/product/divan-korens-happy-grey
Диван угловой Шера Velvet Light,99990руб. руб.,https://www.divan.ru/smolensk/product/divan-uglovoj-shera-velve-light
Диван Види Textile Ocean,23990руб. руб.,https://www.divan.ru/smolensk/product/divan-vidi-textile-ocean
Пуф Тут Рядом Дом Зеленый,15990руб. руб.,https://www.divan.ru/smolensk/product/puf-tut-ryadom-dom-zelenyj
Кресло Пайл Barhat Beige,22990руб. руб.,https://www.divan.ru/smolensk/product/kreslo-pajl-barhat-beige
Модульный диван Brera-2 Velour Mix,105980руб. руб.,https://www.divan.ru/smolensk/product/modulnyj-divan-brera-2-velour-mix
Кресло Гета Soft Silver,30990руб. руб.,https://www.divan.ru/smolensk/product/kreslo-geta-soft-silver
Диван угловой Нумо Velvet Yellow,46990руб. руб.,https://www.divan.ru/smolensk/product/divan-uglovoj-numo-velvet-yellow
Модульный диван Нолан-B 3 Soft Jungle,114970руб. руб.,https://www.divan.ru/smolensk/product/modulnyj-divan-nolan-b-3-soft-jungle
Диван Тут Рядом Дом Сине-бежевый,72990руб. руб.,https://www.divan.ru/smolensk/product/divan-tut-ryadom-dom-sine-bejevyj
Кресло Элвит Cozy Ivory,29990руб. руб.,https://www.divan.ru/smolensk/product/kreslo-elvit-cozy-ivory
Диван Сваут Velvet Mustard,64990руб. руб.,https://www.divan.ru/smolensk/product/divan-svaut-velvet-mustard
Кресло Рибс Velvet Beige,26990руб. руб.,https://www.divan.ru/smolensk/product/kreslo-ribs-velvet-beige
Пуф Кропс Bucle Smoky,8990руб. руб.,https://www.divan.ru/smolensk/product/puf-krops-bucle-smoky
Пуф Лонди Cozy Beige,11990руб. руб.,https://www.divan.ru/smolensk/product/puf-londi-cozy-beige
Диван Мисл Barhat Mint,74990руб. руб.,https://www.divan.ru/smolensk/product/divan-misl-barhat-mint
Диван угловой Мейлон Velvet Eclipse,49990руб. руб.,https://www.divan.ru/smolensk/product/divan-uglovoj-mejlon-velvet-eclipse
Кресло Тут Рядом Дом Розовый,50990руб. руб.,https://www.divan.ru/smolensk/product/kreslo-tut-ryadom-dom-rozovyj
Диван Нумо Мини Textile Light,24990руб. руб.,https://www.divan.ru/smolensk/product/divan-numo-mini-textile-light
Диван угловой Бонент Velvet Grey,89990руб. руб.,https://www.divan.ru/smolensk/product/divan-uglovoj-bonent-velvet-grey
